Product Code,Quantity,Availability,Product Description,Unit Price,Discounts,Line Total
31-0037,1,74 Available,R-TECH 310037 Recessed Round Rubber Feet 22.1 - Black - Sheet Of 49,£7.87,,£7.87
17-0600,30,57 Available,PJP 3230-C-N Black 4mm Socket,£1.05,,£31.50
17-0615,30,614 Available,PJP 3230-C-R Red 4mm Socket,£1.05,,£31.50
17-0610,45,92 Available,PJP 3230-C-V Green 4mm Socket,£1.05,,£47.25
17-0625,60,1236 Available,PJP 3230-C-J Yellow 4mm Socket,£1.21,,£72.60
82-0202,15,80 Available,ST L298N Dual Full Bridge Motor Driver,£5.59,,£83.85
50-0381,120,3988 Available,Diotec 1N4001 Rectifier Diode 1A 50V,£0.0245,,£2.94
50-8085,40,88 Available,BKL 10120183 1 x 40 Pin Header 2.54mm Pitch 3A Gold Plated,£0.910,,£36.40
26-0164,20,450 Available,CamdenBoss CFH02/W 20mm Kinked Pin Fuse Holder,£0.250,,£5.00
26-1070,30,565 Available,Siba 70-001-35/4A 4A 20x5mm Slowblow Glass Fuse,£0.328,,£9.84
67-1158,2,20 Available,MagDev DCNI00734/N Neodymium Iron Boron 5x3mm N35H Disc Magnet Packs of 10,£16.49,,£32.98
21-0440,40,111495 Available,TruConnect 2 Way 16A Black Interlocking Terminal Block,£0.182,,£7.28
36-0196,5,38 Available,Aavid Thermalloy TV35 Heat Sink TO220 Vane Type 7.2°C/W,£4.40,,£22.00
55-0260,10,18065 Available,Kingbright RTF5010 LED Bezel Clip (Prominent) 5mm,£0.149,,£1.49
56-0435,30,13795 Available,Kingbright L-7113LGD 5mm Green LED Low Current,£0.114,,£3.42
